<?xml version="1.0" encoding="UTF-8"?>
<project-private xmlns="http://www.netbeans.org/ns/project-private/1">
    <editor-bookmarks xmlns="http://www.netbeans.org/ns/editor-bookmarks/2" lastBookmarkId="0"/>
    <open-files xmlns="http://www.netbeans.org/ns/projectui-open-files/2">
        <group>
            <file>file:/C:/Users/Nayana/Documents/NetBeansProjects/Mini_project/src/mini_project/Menu3.java</file>
            <file>file:/C:/Users/Nayana/Documents/NetBeansProjects/Mini_project/src/mini_project/last_page.java</file>
            <file>file:/C:/Users/Nayana/Documents/NetBeansProjects/Mini_project/src/mini_project/menu1.java</file>
            <file>file:/C:/Users/Nayana/Documents/NetBeansProjects/Mini_project/src/mini_project/login.java</file>
            <file>file:/C:/Users/Nayana/Documents/NetBeansProjects/Mini_project/src/mini_project/Address.java</file>
            <file>file:/C:/Users/Nayana/Documents/NetBeansProjects/Mini_project/src/mini_project/CART.java</file>
            <file>file:/C:/Users/Nayana/Documents/NetBeansProjects/Mini_project/src/mini_project/cafe.java</file>
            <file>file:/C:/Users/Nayana/Documents/NetBeansProjects/Mini_project/src/mini_project/restuarant1.java</file>
            <file>file:/C:/Users/Nayana/Documents/NetBeansProjects/Mini_project/src/mini_project/thanku.java</file>
            <file>file:/C:/Users/Nayana/Documents/NetBeansProjects/Mini_project/src/mini_project/Options.java</file>
            <file>file:/C:/Users/Nayana/Documents/NetBeansProjects/Mini_project/src/mini_project/cancel_ord.java</file>
            <file>file:/C:/Users/Nayana/Documents/NetBeansProjects/Mini_project/src/mini_project/welcome.java</file>
            <file>file:/C:/Users/Nayana/Documents/NetBeansProjects/Mini_project/src/mini_project/CART_Update.java</file>
            <file>file:/C:/Users/Nayana/Documents/NetBeansProjects/Mini_project/src/mini_project/menu2.java</file>
            <file>file:/C:/Users/Nayana/Documents/NetBeansProjects/Mini_project/src/mini_project/Order_num.java</file>
            <file>file:/C:/Users/Nayana/Documents/NetBeansProjects/Mini_project/src/mini_project/register.java</file>
            <file>file:/C:/Users/Nayana/Documents/NetBeansProjects/Mini_project/src/mini_project/Mini_project.java</file>
        </group>
    </open-files>
</project-private>
